--------------------RESPONSABLES--------------------
INSERT INTO usuario (id_usuario, nombre_usuario, contrasena, nombre, apellidos, DNI, correo) VALUES (1,'admin', 'admin', 'Fito', 'Pozo Zamora', '40902637N', 'admin@uah.es');
INSERT INTO responsable (id_usuario, f_alta, f_baja) VALUES (1,'2022-04-28', NULL);

--------------------ALUMNOS--------------------
INSERT INTO usuario (id_usuario, nombre_usuario, contrasena, nombre, apellidos, DNI, correo) VALUES (2,'octavia.carreño.vizcaíno', 'l#1yIAIa+a', 'Octavia', 'Carreño Vizcaíno', '08533151J', 'octavia.carreño.vizcaíno@edu.uah.es');
INSERT INTO alumno (id_usuario, grado, nota_exp, f_nacimiento, telefono, horas_totales) VALUES (2,'Ingeniería de computadores y software', 1, '1999-06-03', '+34888 53 09 91', 350);

INSERT INTO usuario (id_usuario, nombre_usuario, contrasena, nombre, apellidos, DNI, correo) VALUES (3,'rogelio.arribas.arteaga', '5wyGH5ho#e', 'Rogelio', 'Arribas Arteaga', '04040659L', 'rogelio.arribas.arteaga@edu.uah.es');
INSERT INTO alumno (id_usuario, grado, nota_exp, f_nacimiento, telefono, horas_totales) VALUES (3,'Ingeniería de computadores', 7, '2004-12-25', '+34845 183 066', 350);

INSERT INTO usuario (id_usuario, nombre_usuario, contrasena, nombre, apellidos, DNI, correo) VALUES (4,'ignacio.moraleda.sarabia', '#FRhnz)763', 'Ignacio', 'Moraleda Sarabia', '89462571T', 'ignacio.moraleda.sarabia@edu.uah.es');
INSERT INTO alumno (id_usuario, grado, nota_exp, f_nacimiento, telefono, horas_totales) VALUES (4,'Ingeniería informática', 2, '1999-02-09', '+34 902 39 71 94', 300);

INSERT INTO usuario (id_usuario, nombre_usuario, contrasena, nombre, apellidos, DNI, correo) VALUES (5,'casemiro.pastor-patiño', '_)To3Ymvb1', 'Casemiro', 'Pastor-Patiño', '63444558R', 'casemiro.pastor-patiño@edu.uah.es');
INSERT INTO alumno (id_usuario, grado, nota_exp, f_nacimiento, telefono, horas_totales) VALUES (5,'Ingeniería de computadores', 6, '1997-09-18', '+34842 01 84 97', 300);

INSERT INTO usuario (id_usuario, nombre_usuario, contrasena, nombre, apellidos, DNI, correo) VALUES (6,'maría.pilar.boada.sola', 'AhV5LDJsj*', 'María', 'Pilar Boada Sola', '51714443R', 'maría.pilar.boada.sola@edu.uah.es');
INSERT INTO alumno (id_usuario, grado, nota_exp, f_nacimiento, telefono, horas_totales) VALUES (6,'Ingeniería de telecomunicaciones', 5, '1999-02-21', '+34 824912368', 350);

INSERT INTO usuario (id_usuario, nombre_usuario, contrasena, nombre, apellidos, DNI, correo) VALUES (7,'alumno', 'alumno', 'Cristian', 'Márquez Real', '96311225J', 'alumno@edu.uah.es');
INSERT INTO alumno (id_usuario, grado, nota_exp, f_nacimiento, telefono, horas_totales) VALUES (7,'Ingeniería informática', 8, '2000-11-06', '+34 859228307', 350);

INSERT INTO usuario (id_usuario, nombre_usuario, contrasena, nombre, apellidos, DNI, correo) VALUES (8,'noelia.oriana.huerta.cid', '!VoYI^xym9', 'Noelia', 'Oriana Huerta Cid', '77931804F', 'noelia.oriana.huerta.cid@edu.uah.es');
INSERT INTO alumno (id_usuario, grado, nota_exp, f_nacimiento, telefono, horas_totales) VALUES (8,'Ingeniería de sistemas', 7, '1997-04-20', '+34875 02 47 79', 300);

INSERT INTO usuario (id_usuario, nombre_usuario, contrasena, nombre, apellidos, DNI, correo) VALUES (9,'pascuala.salazar.robles', 'c3*%M(R9@U', 'Pascuala', 'Salazar Robles', '34135160D', 'pascuala.salazar.robles@edu.uah.es');
INSERT INTO alumno (id_usuario, grado, nota_exp, f_nacimiento, telefono, horas_totales) VALUES (9,'Ingeniería de telecomunicaciones y sistemas', 1, '1998-03-05', '+34876980470', 350);

INSERT INTO usuario (id_usuario, nombre_usuario, contrasena, nombre, apellidos, DNI, correo) VALUES (10,'berta.de.morillo', 'I6aAUW0*@h', 'Berta', 'de Morillo', '75861872Y', 'berta.de.morillo@edu.uah.es');
INSERT INTO alumno (id_usuario, grado, nota_exp, f_nacimiento, telefono, horas_totales) VALUES (10,'Ingeniería de sistemas', 8, '1999-11-03', '+34822712787', 300);

INSERT INTO usuario (id_usuario, nombre_usuario, contrasena, nombre, apellidos, DNI, correo) VALUES (11,'lalo.hidalgo.maldonado', '#0Vefp2ZIU', 'Lalo', 'Hidalgo Maldonado', '78283400W', 'lalo.hidalgo.maldonado@edu.uah.es');
INSERT INTO alumno (id_usuario, grado, nota_exp, f_nacimiento, telefono, horas_totales) VALUES (11,'Ingeniería de telecomunicaciones y sistemas', 0, '2000-06-02', '+34888 53 17 78', 350);

INSERT INTO usuario (id_usuario, nombre_usuario, contrasena, nombre, apellidos, DNI, correo) VALUES (12,'sol.nayara.atienza.olivares', 'pcB2Vgo6J@', 'Sol', 'Nayara Atienza Olivares', '34866144F', 'sol.nayara.atienza.olivares@edu.uah.es');
INSERT INTO alumno (id_usuario, grado, nota_exp, f_nacimiento, telefono, horas_totales) VALUES (12,'Ingeniería de telecomunicaciones y software', 0, '1998-10-20', '+34948859922', 350);

INSERT INTO usuario (id_usuario, nombre_usuario, contrasena, nombre, apellidos, DNI, correo) VALUES (13,'loreto.baeza.carnero', '&*5E1U2t(1', 'Loreto', 'Baeza Carnero', '73997366H', 'loreto.baeza.carnero@edu.uah.es');
INSERT INTO alumno (id_usuario, grado, nota_exp, f_nacimiento, telefono, horas_totales) VALUES (13,'Ingeniería de sistemas y software', 1, '2004-05-04', '+34 871 815 860', 300);

INSERT INTO usuario (id_usuario, nombre_usuario, contrasena, nombre, apellidos, DNI, correo) VALUES (14,'herberto.olivera.pedraza', 'U)1P&Io4#$', 'Herberto', 'Olivera Pedraza', '26077944S', 'herberto.olivera.pedraza@edu.uah.es');
INSERT INTO alumno (id_usuario, grado, nota_exp, f_nacimiento, telefono, horas_totales) VALUES (14,'Ingeniería de telecomunicaciones', 0, '2000-05-19', '+34848479162', 300);

INSERT INTO usuario (id_usuario, nombre_usuario, contrasena, nombre, apellidos, DNI, correo) VALUES (15,'estela.del.ródenas', '!zBDm_Ov+7', 'Estela', 'del Ródenas', '68899828Q', 'estela.del.ródenas@edu.uah.es');
INSERT INTO alumno (id_usuario, grado, nota_exp, f_nacimiento, telefono, horas_totales) VALUES (15,'Ingeniería de sistemas', 1, '2004-05-02', '+34978 109 955', 350);

INSERT INTO usuario (id_usuario, nombre_usuario, contrasena, nombre, apellidos, DNI, correo) VALUES (16,'omar.alsina.robledo', 'x2h@7kWnn#', 'Omar', 'Alsina Robledo', '37108329Z', 'omar.alsina.robledo@edu.uah.es');
INSERT INTO alumno (id_usuario, grado, nota_exp, f_nacimiento, telefono, horas_totales) VALUES (16,'Ingeniería de sistemas y software', 6, '2001-01-06', '+34988900660', 350);

--------------------EMPRESAS--------------------
INSERT INTO empresa (id, nombre, sufijo_correo, telefono, direccion, ciudad, codigo_postal, descripcion) VALUES (1,'Ortuño-Tello', 'ortuño-tello.es', '+34 941 26 65 15', 'C. Borja Gil 3', 'Ourense', '19732', 'Aspernatur incidunt facere ex sequi.
Possimus eveniet error distinctio laboriosam at. Beatae quam voluptas fugit occaecati odio.');

INSERT INTO empresa (id, nombre, sufijo_correo, telefono, direccion, ciudad, codigo_postal, descripcion) VALUES (2,'Sastre-Carretero', 'sastre-carretero.es', '+34 944 866 054', 'Alameda Abel Vazquez 582', 'La Coruña', '36995', 'Culpa blanditiis et atque totam vitae doloremque neque. Eius exercitationem eius in. Sunt eveniet iure voluptas. Fuga voluptates sunt deleniti maxime.');

INSERT INTO empresa (id, nombre, sufijo_correo, telefono, direccion, ciudad, codigo_postal, descripcion) VALUES (3,'Corral Group', 'corral-group.es', '+34980 08 70 55', 'Rambla de Eva Téllez 68', 'Baleares', '02678', 'Sed consectetur assumenda.
Culpa vero vitae voluptate. Odio facere nobis. Odio voluptatibus voluptatum assumenda cum asperiores.');

INSERT INTO empresa (id, nombre, sufijo_correo, telefono, direccion, ciudad, codigo_postal, descripcion) VALUES (4,'Camino PLC', 'camino-plc.es', '+34845 54 80 05', 'Ronda Maite Pinedo 25 Apt. 61 ', 'Girona', '18348', 'Consectetur voluptas corporis iusto deleniti dolore. Velit optio impedit sed. Fuga cumque accusantium id.');

INSERT INTO empresa (id, nombre, sufijo_correo, telefono, direccion, ciudad, codigo_postal, descripcion) VALUES (5,'Soto-Zaragoza', 'soto-zaragoza.es', '+34 983 663 484', 'Cañada Severiano Morillo 96', 'Almería', '02596', 'Reiciendis soluta velit exercitationem a. Saepe odio quasi natus praesentium.
Nam nostrum facere corporis eaque. Temporibus reprehenderit nemo adipisci.');

--------------------TUTORES--------------------
INSERT INTO usuario (id_usuario, nombre_usuario, contrasena, nombre, apellidos, DNI, correo) VALUES (17,'rafael.lorenzo.posada', '$56Q8)yjz%', 'Rafael', 'Lorenzo Posada', '04696975F', 'rafael.lorenzo.posada@ortuño-tello.es');
INSERT INTO tutor (id_usuario, f_alta, f_baja,id_empresa) VALUES (17, '2021-09-27', NULL, 1);

INSERT INTO usuario (id_usuario, nombre_usuario, contrasena, nombre, apellidos, DNI, correo) VALUES (18,'violeta.mariscal.gárate', 'HX27IKx)5@', 'Violeta', 'Mariscal Gárate', '66878667A', 'violeta.mariscal.gárate@sastre-carretero.es');
INSERT INTO tutor (id_usuario, f_alta, f_baja,id_empresa) VALUES (18, '2021-07-06', NULL, 2);

INSERT INTO usuario (id_usuario, nombre_usuario, contrasena, nombre, apellidos, DNI, correo) VALUES (19,'ambrosio.ferrando.oliva', '7XHc$Rgp%u', 'Ambrosio', 'Ferrando Oliva', '58399131S', 'ambrosio.ferrando.oliva@corral-group.es');
INSERT INTO tutor (id_usuario, f_alta, f_baja,id_empresa) VALUES (19, '2022-12-22', NULL, 3);

INSERT INTO usuario (id_usuario, nombre_usuario, contrasena, nombre, apellidos, DNI, correo) VALUES (20,'julie.cuevas.arana', '2ENvX&Ho*k', 'Julie', 'Cuevas Arana', '65269707P', 'julie.cuevas.arana@camino-plc.es');
INSERT INTO tutor (id_usuario, f_alta, f_baja,id_empresa) VALUES (20, '2021-04-15', NULL, 4);

INSERT INTO usuario (id_usuario, nombre_usuario, contrasena, nombre, apellidos, DNI, correo) VALUES (21,'tutor', 'tutor', 'Juan', 'Antonio Carreño Rocamora', '82498679W', 'tutor@soto-zaragoza.es');
INSERT INTO tutor (id_usuario, f_alta, f_baja,id_empresa) VALUES (21, '2021-03-25', NULL, 5);

INSERT INTO usuario (id_usuario, nombre_usuario, contrasena, nombre, apellidos, DNI, correo) VALUES (22,'casandra.de.duran', 'q28KdJQC#q', 'Casandra', 'de Duran', '78147780J', 'casandra.de.duran@ortuño-tello.es');
INSERT INTO tutor (id_usuario, f_alta, f_baja,id_empresa) VALUES (22, '2022-05-05', '2023-01-07', 1);

INSERT INTO usuario (id_usuario, nombre_usuario, contrasena, nombre, apellidos, DNI, correo) VALUES (23,'roque.gracia.zorrilla', 'G(el06VmyT', 'Roque', 'Gracia Zorrilla', '44539920Y', 'roque.gracia.zorrilla@soto-zaragoza.es');
INSERT INTO tutor (id_usuario, f_alta, f_baja,id_empresa) VALUES (23, '2021-09-04', '2022-08-20', 5);

INSERT INTO usuario (id_usuario, nombre_usuario, contrasena, nombre, apellidos, DNI, correo) VALUES (24,'pilar.maría.del.carmen.yuste.salvà', '6_#6DcKQCx', 'Pilar', 'María Del Carmen Yuste Salvà', '39509714S', 'pilar.maría.del.carmen.yuste.salvà@corral-group.es');
INSERT INTO tutor (id_usuario, f_alta, f_baja,id_empresa) VALUES (24, '2022-01-27', '2022-03-16', 3);

INSERT INTO usuario (id_usuario, nombre_usuario, contrasena, nombre, apellidos, DNI, correo) VALUES (25,'silvestre.de.piñol', '%eht9A*rj!', 'Silvestre', 'de Piñol', '13692165N', 'silvestre.de.piñol@corral-group.es');
INSERT INTO tutor (id_usuario, f_alta, f_baja,id_empresa) VALUES (25, '2022-08-01', '2022-12-08', 3);

INSERT INTO usuario (id_usuario, nombre_usuario, contrasena, nombre, apellidos, DNI, correo) VALUES (26,'maría.teresa.viana', '08jV@q2l(1', 'María', 'Teresa Viana', '98071574B', 'maría.teresa.viana@ortuño-tello.es');
INSERT INTO tutor (id_usuario, f_alta, f_baja,id_empresa) VALUES (26, '2023-01-11', '2023-01-12', 1);

INSERT INTO usuario (id_usuario, nombre_usuario, contrasena, nombre, apellidos, DNI, correo) VALUES (27,'chus.villena.pacheco', 'R56WhFb%_t', 'Chus', 'Villena Pacheco', '39076310T', 'chus.villena.pacheco@sastre-carretero.es');
INSERT INTO tutor (id_usuario, f_alta, f_baja,id_empresa) VALUES (27, '2021-04-28', '2021-06-25', 2);

INSERT INTO usuario (id_usuario, nombre_usuario, contrasena, nombre, apellidos, DNI, correo) VALUES (28,'ruperto.barros-valcárcel', '*!Z&5sF%X0', 'Ruperto', 'Barros-Valcárcel', '50268649X', 'ruperto.barros-valcárcel@ortuño-tello.es');
INSERT INTO tutor (id_usuario, f_alta, f_baja,id_empresa) VALUES (28, '2022-07-23', '2022-12-19', 1);

INSERT INTO usuario (id_usuario, nombre_usuario, contrasena, nombre, apellidos, DNI, correo) VALUES (29,'susanita.sotelo.álvaro', '*zEpQ)B9D9', 'Susanita', 'Sotelo Álvaro', '61490192Z', 'susanita.sotelo.álvaro@ortuño-tello.es');
INSERT INTO tutor (id_usuario, f_alta, f_baja,id_empresa) VALUES (29, '2021-02-15', '2022-05-05', 1);

INSERT INTO usuario (id_usuario, nombre_usuario, contrasena, nombre, apellidos, DNI, correo) VALUES (30,'clotilde.cuevas', '5B!$S3B9&y', 'Clotilde', 'Cuevas', '09742930S', 'clotilde.cuevas@corral-group.es');
INSERT INTO tutor (id_usuario, f_alta, f_baja,id_empresa) VALUES (30, '2022-09-30', '2022-11-09', 3);

INSERT INTO usuario (id_usuario, nombre_usuario, contrasena, nombre, apellidos, DNI, correo) VALUES (31,'charo.de.ureña', '!sOS5s4VT4', 'Charo', 'de Ureña', '06675469H', 'charo.de.ureña@camino-plc.es');
INSERT INTO tutor (id_usuario, f_alta, f_baja,id_empresa) VALUES (31, '2021-07-27', '2021-12-21', 4);

--------------------OFERTAS--------------------
INSERT INTO oferta (id, puesto, categoria, id_empresa, direccion, requisitos, descripcion, horario, semanas, sueldo, plazas, f_inicio) VALUES (1, 'Supervisor de tiendas y almacenes', 'Database Systems Developer', 4, 'Ronda Maite Pinedo 25 Apt. 61 ', 'Veritatis illo facilis laudantium et eum. Neque libero unde magnam temporibus.
Illum delectus nihil natus voluptatum consequuntur molestias nostrum. Voluptate sed reprehenderit praesentium quas.', 'Neque sapiente sint est id atque fugiat. Aspernatur vitae eveniet quas quaerat quas.', '9-19 5 days a week', 6, 871, 7, '2023-01-13');

INSERT INTO oferta (id, puesto, categoria, id_empresa, direccion, requisitos, descripcion, horario, semanas, sueldo, plazas, f_inicio) VALUES (2, 'Escritor', 'Database Systems Administrator', 5, 'Cañada Severiano Morillo 96', 'Nemo iusto ipsam eos debitis ad deserunt. Dicta veritatis natus.
Nostrum magnam esse culpa. Nobis earum reprehenderit pariatur fugit.', 'Sequi consectetur provident hic.
Totam non quisquam doloremque. Laudantium possimus numquam voluptatem commodi sit consequatur.
Nam voluptatem dolorem quia. Dolore possimus facilis.', '8-19 5 days a week', 8, 525, 9, '2023-01-13');

INSERT INTO oferta (id, puesto, categoria, id_empresa, direccion, requisitos, descripcion, horario, semanas, sueldo, plazas, f_inicio) VALUES (3, 'Optometrista', 'Software Developer', 1, 'C. Borja Gil 3', 'Iure cum harum aspernatur necessitatibus illum quasi excepturi. Incidunt corporis iure.
Blanditiis quisquam culpa ut. Itaque ipsum facere. Quaerat eaque sunt fugit incidunt corporis.', 'Vero sunt maxime earum ducimus.', '8-19 5 days a week', 11, 473, 1, '2023-01-13');

INSERT INTO oferta (id, puesto, categoria, id_empresa, direccion, requisitos, descripcion, horario, semanas, sueldo, plazas, f_inicio) VALUES (4, 'Pintor y empapelador', 'Data Scientist', 2, 'Alameda Abel Vazquez 582', 'Libero harum voluptates laborum qui at. Neque eaque quasi maiores eveniet molestias ipsa minima. Nulla amet error error doloremque.', 'Eum ullam soluta nostrum iusto. Numquam sunt molestiae aut veniam porro repellendus.
Animi tempore magnam tenetur. Ex quo totam ab.', '8-18 5 days a week', 6, 418, 2, '2023-01-13');

INSERT INTO oferta (id, puesto, categoria, id_empresa, direccion, requisitos, descripcion, horario, semanas, sueldo, plazas, f_inicio) VALUES (5, 'Grabador de datos', 'Data Scientist', 4, 'Ronda Maite Pinedo 25 Apt. 61 ', 'Perspiciatis illo repellendus at ratione sit. Quis impedit a.
Mollitia hic fugiat suscipit minima ducimus. Quo quam quidem.
Earum dicta quibusdam quisquam. Quidem animi adipisci quod culpa aliquid.', 'Dicta nisi ullam autem consequuntur voluptatem.
In praesentium ut assumenda doloribus illo sint. Optio autem dolorem velit beatae impedit.', '8-19 5 days a week', 4, 1189, 1, '2023-01-13');

INSERT INTO oferta (id, puesto, categoria, id_empresa, direccion, requisitos, descripcion, horario, semanas, sueldo, plazas, f_inicio) VALUES (6, 'Operador de máquinas de procesamiento de texto y mecanógrafos', 'Database Systems Administrator', 1, 'C. Borja Gil 3', 'Nulla optio aspernatur soluta. Quasi eum commodi expedita nostrum fugit. Maiores ipsum beatae quidem magni adipisci consequuntur cum.', 'Vel nulla modi. Nesciunt mollitia veniam excepturi. Consectetur optio totam ex eius.
Ullam a numquam veniam qui.', '9-18 5 days a week', 8, 801, 5, '2023-01-13');

INSERT INTO oferta (id, puesto, categoria, id_empresa, direccion, requisitos, descripcion, horario, semanas, sueldo, plazas, f_inicio) VALUES (7, 'Criador de ganado', 'Software Developer', 2, 'Alameda Abel Vazquez 582', 'Veniam rem tempore. Harum veritatis et excepturi doloribus cumque.
Inventore officia ratione sint.', 'Deserunt ullam quidem repellat molestias. Odit atque vero sapiente.
Eos deserunt corrupti corporis minima. Nemo sit et dolorum.', '9-19 5 days a week', 6, 951, 6, '2023-01-13');

INSERT INTO oferta (id, puesto, categoria, id_empresa, direccion, requisitos, descripcion, horario, semanas, sueldo, plazas, f_inicio) VALUES (8, 'Albañil', 'Data Scientist', 3, 'Rambla de Eva Téllez 68', 'Nemo nobis quis voluptatum tenetur. Reprehenderit dolore debitis atque odit.', 'Voluptatum excepturi quisquam ab minus eius. Dolore incidunt recusandae.
Deleniti ipsam eum repellendus quidem libero deserunt. Iste consectetur omnis vel voluptatem excepturi.', '9-18 5 days a week', 5, 497, 6, '2023-01-13');

INSERT INTO oferta (id, puesto, categoria, id_empresa, direccion, requisitos, descripcion, horario, semanas, sueldo, plazas, f_inicio) VALUES (9, 'Mecánico y reparador en electrónica', 'Data Analyst', 5, 'Cañada Severiano Morillo 96', 'Harum ullam numquam facilis. Vero aperiam suscipit eius. Sed non magnam aliquam illo.', 'In dolore quidem deserunt.
Quibusdam qui eos sed itaque ducimus consectetur. Ut eos reiciendis animi officiis eaque atque ut.', '9-18 5 days a week', 7, 315, 7, '2023-01-13');

INSERT INTO oferta (id, puesto, categoria, id_empresa, direccion, requisitos, descripcion, horario, semanas, sueldo, plazas, f_inicio) VALUES (10, 'Músico', 'Database Systems Engineer', 3, 'Rambla de Eva Téllez 68', 'Neque sit sed quaerat voluptatum facere. Corrupti iusto eaque labore hic. Officiis excepturi et ipsum adipisci corporis eum.', 'Omnis consequatur ullam possimus accusamus. Quidem nemo id sed esse maiores porro. Quod dolores suscipit alias aperiam ad consequuntur. Incidunt quae optio laboriosam accusantium consectetur minus.', '8-19 5 days a week', 11, 956, 3, '2023-01-13');

INSERT INTO oferta (id, puesto, categoria, id_empresa, direccion, requisitos, descripcion, horario, semanas, sueldo, plazas, f_inicio) VALUES (11, 'Operario de la elaboración de productos lácteos', 'Database Developer', 2, 'Alameda Abel Vazquez 582', 'Tenetur omnis occaecati eligendi. Dolorem perferendis voluptatum. Consequatur repellendus minus placeat nam velit.', 'Ut blanditiis dolorem assumenda. Quo esse soluta maxime odit numquam blanditiis ex. Nihil provident fugiat ad nobis ad.
Distinctio harum fugiat. Alias in velit omnis.', '9-18 5 days a week', 10, 373, 3, '2023-01-13');

INSERT INTO oferta (id, puesto, categoria, id_empresa, direccion, requisitos, descripcion, horario, semanas, sueldo, plazas, f_inicio) VALUES (12, 'Técnico en aparatos de diagnóstico y tratamiento médico', 'Database Security Administrator', 3, 'Rambla de Eva Téllez 68', 'Dolores molestias repellat ea error esse facere. Recusandae deserunt nesciunt placeat.
Quaerat natus ipsum mollitia ipsa voluptate doloremque. Aliquid facilis vel debitis quaerat debitis.', 'Consequatur ipsam alias magni est porro laboriosam. Dolores accusamus suscipit omnis nobis reiciendis.', '8-19 5 days a week', 4, 928, 6, '2023-01-13');

INSERT INTO oferta (id, puesto, categoria, id_empresa, direccion, requisitos, descripcion, horario, semanas, sueldo, plazas, f_inicio) VALUES (13, 'Patronista y cortador de tela', 'Business Intelligence Analyst', 1, 'C. Borja Gil 3', 'Quae sit esse saepe expedita placeat magnam. Aspernatur id explicabo ipsa. Totam laboriosam itaque non minima quaerat tenetur.
Molestias natus est in.', 'Dolorum dolores quaerat tempore. Excepturi quaerat amet molestias quas. Quo est tempora illo autem inventore dolorum. Ullam corporis cum pariatur.', '8-19 5 days a week', 10, 330, 5, '2023-01-13');

INSERT INTO oferta (id, puesto, categoria, id_empresa, direccion, requisitos, descripcion, horario, semanas, sueldo, plazas, f_inicio) VALUES (14, 'Mampostero', 'Software Developer', 5, 'Cañada Severiano Morillo 96', 'Beatae temporibus libero numquam nihil.
Distinctio maiores ratione. Dolores cum distinctio tempora nostrum. Exercitationem repudiandae quis repellendus.', 'Optio esse quidem dolorum quas enim. Dolorem dicta voluptatem pariatur possimus molestias.
Molestiae architecto sequi incidunt. Fugiat et aut at.', '9-19 5 days a week', 8, 899, 5, '2023-01-13');

INSERT INTO oferta (id, puesto, categoria, id_empresa, direccion, requisitos, descripcion, horario, semanas, sueldo, plazas, f_inicio) VALUES (15, 'Técnico en galerías de arte, museos y bibliotecas', 'Database Systems Engineer', 5, 'Cañada Severiano Morillo 96', 'Deleniti amet quo mollitia quaerat animi. Amet dolor suscipit totam. Eum ratione perspiciatis minus.
Consectetur distinctio eum corrupti eos.', 'Fuga nesciunt doloribus vitae. Optio et iste autem quo.', '8-18 5 days a week', 6, 1058, 5, '2023-01-13');

INSERT INTO oferta (id, puesto, categoria, id_empresa, direccion, requisitos, descripcion, horario, semanas, sueldo, plazas, f_inicio) VALUES (16, 'Actuario', 'Database Systems Developer', 4, 'Ronda Maite Pinedo 25 Apt. 61 ', 'Sunt non et. Quo temporibus quasi repudiandae vitae labore. Quibusdam cupiditate temporibus saepe soluta ad.
Nemo odit eos. Soluta quidem soluta nostrum est nulla aliquam debitis.', 'Quod quibusdam autem tenetur placeat. Saepe esse qui ullam nobis aliquam. Voluptate qui totam fugiat iusto culpa sequi sequi.', '9-18 5 days a week', 9, 1070, 4, '2023-01-13');

INSERT INTO oferta (id, puesto, categoria, id_empresa, direccion, requisitos, descripcion, horario, semanas, sueldo, plazas, f_inicio) VALUES (17, 'Administrador de sistemas', 'Data Security Analyst', 3, 'Rambla de Eva Téllez 68', 'Vel provident autem ex tempore est. Temporibus facere deserunt molestiae officia.', 'Esse neque impedit provident totam labore non occaecati. Similique voluptatem harum nemo doloremque soluta dignissimos.', '8-18 5 days a week', 9, 978, 8, '2023-01-13');

INSERT INTO oferta (id, puesto, categoria, id_empresa, direccion, requisitos, descripcion, horario, semanas, sueldo, plazas, f_inicio) VALUES (18, 'Operario del tratamiento de la madera', 'Data Warehouse Engineer', 5, 'Cañada Severiano Morillo 96', 'Nisi sit cumque nostrum beatae nostrum. Distinctio recusandae cum omnis praesentium. Minus odio suscipit iusto ipsum ea consequuntur voluptatibus.', 'Enim corporis libero debitis et dolorum enim. Corporis ipsum minus voluptas voluptatum at assumenda. Maxime consequuntur dolor delectus quo incidunt occaecati.', '8-18 5 days a week', 5, 329, 5, '2023-01-13');

INSERT INTO oferta (id, puesto, categoria, id_empresa, direccion, requisitos, descripcion, horario, semanas, sueldo, plazas, f_inicio) VALUES (19, 'Director de recursos humanos', 'Data Scientist', 4, 'Ronda Maite Pinedo 25 Apt. 61 ', 'Praesentium aliquid corporis ducimus. Illum mollitia ab beatae nam. Quos atque provident. Labore ipsa pariatur.
Libero minima ex est a. Soluta atque quisquam aspernatur molestiae modi culpa dolor.', 'Ex maxime cumque vitae. Earum incidunt at illum dolore. Distinctio dignissimos iure aliquid illum non minus.', '8-19 5 days a week', 5, 548, 7, '2023-01-13');

INSERT INTO oferta (id, puesto, categoria, id_empresa, direccion, requisitos, descripcion, horario, semanas, sueldo, plazas, f_inicio) VALUES (20, 'Escritor', 'Business Intelligence Analyst', 1, 'C. Borja Gil 3', 'Placeat hic dolore nemo iure numquam harum. Ratione animi ut accusamus unde. Praesentium at enim minus dolores quibusdam corporis.', 'Deleniti iusto laboriosam ducimus porro cumque vitae. Error sunt maxime. Iusto odit voluptatibus labore doloremque officiis.', '9-19 5 days a week', 10, 316, 8, '2023-01-13');

INSERT INTO oferta (id, puesto, categoria, id_empresa, direccion, requisitos, descripcion, horario, semanas, sueldo, plazas, f_inicio) VALUES (21, 'Pescador de alta mar', 'Database Systems Administrator', 5, 'Cañada Severiano Morillo 96', 'Ut rem sunt dignissimos doloribus. Voluptatibus corrupti minus.
Totam laboriosam tempora repudiandae sit dolorem vel. Quaerat similique accusantium ad vero deserunt aut doloribus.', 'Natus vero corporis perferendis. Optio minima ad non corrupti blanditiis delectus.
A ducimus nulla voluptatibus. In mollitia molestias est quibusdam labore fugiat dignissimos.', '8-19 5 days a week', 4, 1082, 2, '2023-01-13');

INSERT INTO oferta (id, puesto, categoria, id_empresa, direccion, requisitos, descripcion, horario, semanas, sueldo, plazas, f_inicio) VALUES (22, 'Fumigador', 'Data Analyst', 1, 'C. Borja Gil 3', 'Alias fuga incidunt. Iusto minus totam illo. Incidunt ducimus pariatur facere recusandae tempore.
Numquam voluptatum ea ipsam iure. Odit minima nesciunt natus. Minus atque eaque.', 'Nisi corrupti excepturi ipsum earum rem. Dolorum maiores at sint nam praesentium voluptatem ducimus.', '9-19 5 days a week', 9, 533, 5, '2023-01-13');

INSERT INTO oferta (id, puesto, categoria, id_empresa, direccion, requisitos, descripcion, horario, semanas, sueldo, plazas, f_inicio) VALUES (23, 'Trabajador agrícola de subsistencia', 'Database Architect', 4, 'Ronda Maite Pinedo 25 Apt. 61 ', 'Quos eius suscipit quam dolores. Labore mollitia rem architecto accusamus amet alias.
Saepe sint maiores nulla quo. Molestiae ipsum aliquid ipsum unde sapiente soluta. Earum quisquam tempora sunt.', 'Deserunt hic natus reiciendis quibusdam iste. Fugiat distinctio iste illum quo consectetur fugiat. Voluptates suscipit doloribus ut inventore.', '8-18 5 days a week', 6, 963, 6, '2023-01-13');

INSERT INTO oferta (id, puesto, categoria, id_empresa, direccion, requisitos, descripcion, horario, semanas, sueldo, plazas, f_inicio) VALUES (24, 'Tapicero', 'Machine Learning Engineer', 4, 'Ronda Maite Pinedo 25 Apt. 61 ', 'Quo repellat eum similique dignissimos quisquam itaque. Minima quisquam nostrum consequuntur blanditiis sapiente. Voluptates voluptatem nesciunt.', 'Accusamus temporibus facilis voluptas eligendi. Neque similique sunt unde voluptates.', '9-18 5 days a week', 5, 365, 6, '2023-01-13');

INSERT INTO oferta (id, puesto, categoria, id_empresa, direccion, requisitos, descripcion, horario, semanas, sueldo, plazas, f_inicio) VALUES (25, 'Alfarero', 'Database Security Administrator', 5, 'Cañada Severiano Morillo 96', 'Odit soluta error velit occaecati officiis rem. Eos odit quis aspernatur tempora.
Beatae optio doloribus possimus ad animi tempore quae. Quisquam deserunt mollitia perferendis ea at.', 'Quos voluptates consequuntur commodi facere deleniti. Vel cumque beatae repellat eaque reprehenderit odit est.
Libero quidem saepe aspernatur ipsam vitae.', '8-18 5 days a week', 7, 833, 6, '2023-01-13');

--------------------OFERTA_SELECCIONADA--------------------
INSERT INTO solicitud_practicas (id_alumno, id_oferta, preferencia) VALUES (2, 4, 1);

INSERT INTO solicitud_practicas (id_alumno, id_oferta, preferencia) VALUES (2, 2, 2);

INSERT INTO solicitud_practicas (id_alumno, id_oferta, preferencia) VALUES (3, 4, 1);

INSERT INTO solicitud_practicas (id_alumno, id_oferta, preferencia) VALUES (3, 11, 2);

INSERT INTO solicitud_practicas (id_alumno, id_oferta, preferencia) VALUES (3, 12, 3);

INSERT INTO solicitud_practicas (id_alumno, id_oferta, preferencia) VALUES (3, 3, 4);

INSERT INTO solicitud_practicas (id_alumno, id_oferta, preferencia) VALUES (4, 16, 1);

INSERT INTO solicitud_practicas (id_alumno, id_oferta, preferencia) VALUES (4, 21, 2);

INSERT INTO solicitud_practicas (id_alumno, id_oferta, preferencia) VALUES (5, 19, 1);

INSERT INTO solicitud_practicas (id_alumno, id_oferta, preferencia) VALUES (5, 22, 2);

INSERT INTO solicitud_practicas (id_alumno, id_oferta, preferencia) VALUES (5, 6, 3);

INSERT INTO solicitud_practicas (id_alumno, id_oferta, preferencia) VALUES (6, 3, 1);

INSERT INTO solicitud_practicas (id_alumno, id_oferta, preferencia) VALUES (6, 8, 2);

INSERT INTO solicitud_practicas (id_alumno, id_oferta, preferencia) VALUES (6, 21, 3);

INSERT INTO solicitud_practicas (id_alumno, id_oferta, preferencia) VALUES (6, 13, 4);

INSERT INTO solicitud_practicas (id_alumno, id_oferta, preferencia) VALUES (6, 4, 5);

INSERT INTO solicitud_practicas (id_alumno, id_oferta, preferencia) VALUES (7, 15, 1);

INSERT INTO solicitud_practicas (id_alumno, id_oferta, preferencia) VALUES (7, 19, 2);

INSERT INTO solicitud_practicas (id_alumno, id_oferta, preferencia) VALUES (7, 17, 3);

INSERT INTO solicitud_practicas (id_alumno, id_oferta, preferencia) VALUES (8, 11, 1);

INSERT INTO solicitud_practicas (id_alumno, id_oferta, preferencia) VALUES (8, 16, 2);

INSERT INTO solicitud_practicas (id_alumno, id_oferta, preferencia) VALUES (8, 12, 3);

INSERT INTO solicitud_practicas (id_alumno, id_oferta, preferencia) VALUES (8, 21, 4);

INSERT INTO solicitud_practicas (id_alumno, id_oferta, preferencia) VALUES (8, 23, 5);

INSERT INTO solicitud_practicas (id_alumno, id_oferta, preferencia) VALUES (9, 22, 1);

INSERT INTO solicitud_practicas (id_alumno, id_oferta, preferencia) VALUES (9, 10, 2);

INSERT INTO solicitud_practicas (id_alumno, id_oferta, preferencia) VALUES (9, 19, 3);

INSERT INTO solicitud_practicas (id_alumno, id_oferta, preferencia) VALUES (9, 17, 4);

INSERT INTO solicitud_practicas (id_alumno, id_oferta, preferencia) VALUES (10, 14, 1);

INSERT INTO solicitud_practicas (id_alumno, id_oferta, preferencia) VALUES (10, 13, 2);

INSERT INTO solicitud_practicas (id_alumno, id_oferta, preferencia) VALUES (10, 6, 3);

INSERT INTO solicitud_practicas (id_alumno, id_oferta, preferencia) VALUES (10, 25, 4);

INSERT INTO solicitud_practicas (id_alumno, id_oferta, preferencia) VALUES (11, 14, 1);

INSERT INTO solicitud_practicas (id_alumno, id_oferta, preferencia) VALUES (11, 11, 2);

INSERT INTO solicitud_practicas (id_alumno, id_oferta, preferencia) VALUES (11, 4, 3);

INSERT INTO solicitud_practicas (id_alumno, id_oferta, preferencia) VALUES (12, 9, 1);

INSERT INTO solicitud_practicas (id_alumno, id_oferta, preferencia) VALUES (12, 6, 2);

INSERT INTO solicitud_practicas (id_alumno, id_oferta, preferencia) VALUES (12, 5, 3);

INSERT INTO solicitud_practicas (id_alumno, id_oferta, preferencia) VALUES (13, 19, 1);

INSERT INTO solicitud_practicas (id_alumno, id_oferta, preferencia) VALUES (13, 6, 2);

INSERT INTO solicitud_practicas (id_alumno, id_oferta, preferencia) VALUES (13, 21, 3);

INSERT INTO solicitud_practicas (id_alumno, id_oferta, preferencia) VALUES (13, 9, 4);

INSERT INTO solicitud_practicas (id_alumno, id_oferta, preferencia) VALUES (13, 23, 5);

INSERT INTO solicitud_practicas (id_alumno, id_oferta, preferencia) VALUES (13, 7, 6);

INSERT INTO solicitud_practicas (id_alumno, id_oferta, preferencia) VALUES (13, 13, 7);

INSERT INTO solicitud_practicas (id_alumno, id_oferta, preferencia) VALUES (13, 11, 8);

INSERT INTO solicitud_practicas (id_alumno, id_oferta, preferencia) VALUES (13, 14, 9);

INSERT INTO solicitud_practicas (id_alumno, id_oferta, preferencia) VALUES (14, 14, 1);

INSERT INTO solicitud_practicas (id_alumno, id_oferta, preferencia) VALUES (14, 21, 2);

INSERT INTO solicitud_practicas (id_alumno, id_oferta, preferencia) VALUES (14, 24, 3);

INSERT INTO solicitud_practicas (id_alumno, id_oferta, preferencia) VALUES (14, 11, 4);

INSERT INTO solicitud_practicas (id_alumno, id_oferta, preferencia) VALUES (14, 18, 5);

INSERT INTO solicitud_practicas (id_alumno, id_oferta, preferencia) VALUES (15, 18, 1);

INSERT INTO solicitud_practicas (id_alumno, id_oferta, preferencia) VALUES (15, 10, 2);

INSERT INTO solicitud_practicas (id_alumno, id_oferta, preferencia) VALUES (16, 11, 1);

INSERT INTO solicitud_practicas (id_alumno, id_oferta, preferencia) VALUES (16, 22, 2);

--------------------PRACTICA--------------------
INSERT INTO practica (id_alumno, id_oferta, nota, informe, f_inicio, f_fin) VALUES (3, 4, 8.9, 'Similique exercitationem magnam vitae. Dignissimos tempora laborum nemo corporis iure eveniet.
Facere sit eaque quaerat. Libero quaerat culpa modi adipisci. Odit rem pariatur.', '2022-10-08', NULL);

INSERT INTO practica (id_alumno, id_oferta, nota, informe, f_inicio, f_fin) VALUES (6, 4, 2.8, 'Aliquid alias necessitatibus fugiat odio rem. Distinctio et aliquam doloremque doloribus fugit. Itaque laboriosam maxime modi. Laboriosam placeat officiis magni.', '2021-05-27', NULL);

INSERT INTO practica (id_alumno, id_oferta, nota, informe, f_inicio, f_fin) VALUES (2, 4, 5.5, 'Ipsum voluptates dignissimos numquam sapiente tempora. Dicta eveniet ex optio nemo cumque sapiente.
Quis nostrum iure officiis tenetur libero labore. Laborum doloremque adipisci praesentium qui quis.', '2022-02-19', NULL);

INSERT INTO practica (id_alumno, id_oferta, nota, informe, f_inicio, f_fin) VALUES (11, 4, 2.1, 'Impedit minima nam. Voluptatum necessitatibus nesciunt repellendus possimus facilis. Eum repellendus quos assumenda nisi error.
Est laudantium ex vitae facere repellat.', '2022-09-30', NULL);

INSERT INTO practica (id_alumno, id_oferta, nota, informe, f_inicio, f_fin) VALUES (2, 2, 3.8, 'Laudantium cum aspernatur blanditiis. Ratione a accusantium sunt.
Maxime earum reprehenderit natus fugiat omnis mollitia. Quam est reiciendis maiores. Voluptatem eius dignissimos quibusdam.', '2021-11-04', NULL);

